{
  "nodeLayouts": {
    "inputs": {
      "x": 377.5,
      "y": 42,
      "index": -1
    },
    "outputs": {
      "x": 307.5,
      "y": 712,
      "index": -1
    },
    "chat_nl2sql": {
      "x": 227.5,
      "y": 176,
      "index": 0
    },
    "EnsureSQL": {
      "x": 227.5,
      "y": 310,
      "index": 1
    },
    "QueryDB": {
      "x": 140,
      "y": 444,
      "index": 2
    },
    "FormatResponse": {
      "x": 140,
      "y": 578,
      "index": 3
    }
  },
  "orientation": "Vertical"
}